name,artist,features
My Number,Foals,"{'danceability': 0.639, 'energy': 0.715, 'key': 6, 'loudness': -8.954, 'mode': 0, 'speechiness': 0.0392, 'acousticness': 0.0243, 'instrumentalness': 0.000552, 'liveness': 0.619, 'valence': 0.813, 'tempo': 128.072, 'type': 'audio_features', 'id': '04caEZhAsQKnWqKsMwk9ud', 'uri': 'spotify:track:04caEZhAsQKnWqKsMwk9ud', 'track_href': 'https://api.spotify.com/v1/tracks/04caEZhAsQKnWqKsMwk9ud', 'analysis_url': 'https://api.spotify.com/v1/audio-analysis/04caEZhAsQKnWqKsMwk9ud', 'duration_ms': 238853, 'time_signature': 4}"
Somebody Else,The 1975,"{'danceability': 0.61, 'energy': 0.788, 'key': 0, 'loudness': -5.724, 'mode': 1, 'speechiness': 0.0585, 'acousticness': 0.195, 'instrumentalness': 0.0142, 'liveness': 0.153, 'valence': 0.472, 'tempo': 101.045, 'type': 'audio_features', 'id': '5hc71nKsUgtwQ3z52KEKQk', 'uri': 'spotify:track:5hc71nKsUgtwQ3z52KEKQk', 'track_href': 'https://api.spotify.com/v1/tracks/5hc71nKsUgtwQ3z52KEKQk', 'analysis_url': 'https://api.spotify.com/v1/audio-analysis/5hc71nKsUgtwQ3z52KEKQk', 'duration_ms': 347520, 'time_signature': 4}"
Someday,The Strokes,"{'danceability': 0.539, 'energy': 0.521, 'key': 9, 'loudness': -7.46, 'mode': 1, 'speechiness': 0.0299, 'acousticness': 0.00425, 'instrumentalness': 0, 'liveness': 0.367, 'valence': 0.679, 'tempo': 106.035, 'type': 'audio_features', 'id': '7hm4HTk9encxT0LYC0J6oI', 'uri': 'spotify:track:7hm4HTk9encxT0LYC0J6oI', 'track_href': 'https://api.spotify.com/v1/tracks/7hm4HTk9encxT0LYC0J6oI', 'analysis_url': 'https://api.spotify.com/v1/audio-analysis/7hm4HTk9encxT0LYC0J6oI', 'duration_ms': 183440, 'time_signature': 4}"
Sometimes,Gerry Cinnamon,"{'danceability': 0.639, 'energy': 0.699, 'key': 9, 'loudness': -6.736, 'mode': 1, 'speechiness': 0.0304, 'acousticness': 0.021, 'instrumentalness': 0, 'liveness': 0.0739, 'valence': 0.959, 'tempo': 150.01, 'type': 'audio_features', 'id': '58dwGk4l4ju8pI9YWsTHWD', 'uri': 'spotify:track:58dwGk4l4ju8pI9YWsTHWD', 'track_href': 'https://api.spotify.com/v1/tracks/58dwGk4l4ju8pI9YWsTHWD', 'analysis_url': 'https://api.spotify.com/v1/audio-analysis/58dwGk4l4ju8pI9YWsTHWD', 'duration_ms': 196600, 'time_signature': 4}"
A-Punk,Vampire Weekend,"{'danceability': 0.551, 'energy': 0.819, 'key': 2, 'loudness': -4.489, 'mode': 1, 'speechiness': 0.0525, 'acousticness': 0.0103, 'instrumentalness': 0.0437, 'liveness': 0.153, 'valence': 0.846, 'tempo': 174.917, 'type': 'audio_features', 'id': '3AydAydLzyyZutA0375XIz', 'uri': 'spotify:track:3AydAydLzyyZutA0375XIz', 'track_href': 'https://api.spotify.com/v1/tracks/3AydAydLzyyZutA0375XIz', 'analysis_url': 'https://api.spotify.com/v1/audio-analysis/3AydAydLzyyZutA0375XIz', 'duration_ms': 137760, 'time_signature': 4}"
Take a Walk,Passion Pit,"{'danceability': 0.566, 'energy': 0.755, 'key': 11, 'loudness': -5.526, 'mode': 1, 'speechiness': 0.0368, 'acousticness': 0.0338, 'instrumentalness': 0, 'liveness': 0.315, 'valence': 0.445, 'tempo': 101.006, 'type': 'audio_features', 'id': '4Sfa7hdVkqlM8UW5LsSY3F', 'uri': 'spotify:track:4Sfa7hdVkqlM8UW5LsSY3F', 'track_href': 'https://api.spotify.com/v1/tracks/4Sfa7hdVkqlM8UW5LsSY3F', 'analysis_url': 'https://api.spotify.com/v1/audio-analysis/4Sfa7hdVkqlM8UW5LsSY3F', 'duration_ms': 264493, 'time_signature': 4}"
Girls & Boys,Blur,"{'danceability': 0.693, 'energy': 0.875, 'key': 7, 'loudness': -8.354, 'mode': 0, 'speechiness': 0.0315, 'acousticness': 0.00986, 'instrumentalness': 0, 'liveness': 0.0601, 'valence': 0.899, 'tempo': 120.048, 'type': 'audio_features', 'id': '5CeL9C3bsoe4yzYS1Qz8cw', 'uri': 'spotify:track:5CeL9C3bsoe4yzYS1Qz8cw', 'track_href': 'https://api.spotify.com/v1/tracks/5CeL9C3bsoe4yzYS1Qz8cw', 'analysis_url': 'https://api.spotify.com/v1/audio-analysis/5CeL9C3bsoe4yzYS1Qz8cw', 'duration_ms': 259387, 'time_signature': 4}"
Undercover Martyn,Two Door Cinema Club,"{'danceability': 0.454, 'energy': 0.873, 'key': 2, 'loudness': -5.072, 'mode': 1, 'speechiness': 0.122, 'acousticness': 0.000244, 'instrumentalness': 1.73e-05, 'liveness': 0.0847, 'valence': 0.562, 'tempo': 159.814, 'type': 'audio_features', 'id': '0bePGTDjn0XuEKoN7rOMvV', 'uri': 'spotify:track:0bePGTDjn0XuEKoN7rOMvV', 'track_href': 'https://api.spotify.com/v1/tracks/0bePGTDjn0XuEKoN7rOMvV', 'analysis_url': 'https://api.spotify.com/v1/audio-analysis/0bePGTDjn0XuEKoN7rOMvV', 'duration_ms': 167773, 'time_signature': 4}"
Seventeen Going Under,Sam Fender,"{'danceability': 0.48, 'energy': 0.87, 'key': 1, 'loudness': -4.792, 'mode': 1, 'speechiness': 0.0362, 'acousticness': 0.00438, 'instrumentalness': 0.00603, 'liveness': 0.0826, 'valence': 0.584, 'tempo': 161.953, 'type': 'audio_features', 'id': '5rF6YUIlgiat22OT1lWspJ', 'uri': 'spotify:track:5rF6YUIlgiat22OT1lWspJ', 'track_href': 'https://api.spotify.com/v1/tracks/5rF6YUIlgiat22OT1lWspJ', 'analysis_url': 'https://api.spotify.com/v1/audio-analysis/5rF6YUIlgiat22OT1lWspJ', 'duration_ms': 297933, 'time_signature': 4}"
Mountain at My Gates,Foals,"{'danceability': 0.495, 'energy': 0.931, 'key': 2, 'loudness': -5.336, 'mode': 0, 'speechiness': 0.0469, 'acousticness': 0.0025, 'instrumentalness': 0.0819, 'liveness': 0.246, 'valence': 0.617, 'tempo': 104.05, 'type': 'audio_features', 'id': '3f7OyfSoDbQC0LRDQiytPp', 'uri': 'spotify:track:3f7OyfSoDbQC0LRDQiytPp', 'track_href': 'https://api.spotify.com/v1/tracks/3f7OyfSoDbQC0LRDQiytPp', 'analysis_url': 'https://api.spotify.com/v1/audio-analysis/3f7OyfSoDbQC0LRDQiytPp', 'duration_ms': 244293, 'time_signature': 4}"
7,Catfish and the Bottlemen,"{'danceability': 0.531, 'energy': 0.711, 'key': 10, 'loudness': -4.933, 'mode': 1, 'speechiness': 0.0398, 'acousticness': 0.000204, 'instrumentalness': 0.00291, 'liveness': 0.108, 'valence': 0.279, 'tempo': 155.068, 'type': 'audio_features', 'id': '5ykbOijJEfRhuo2Td1m0Qd', 'uri': 'spotify:track:5ykbOijJEfRhuo2Td1m0Qd', 'track_href': 'https://api.spotify.com/v1/tracks/5ykbOijJEfRhuo2Td1m0Qd', 'analysis_url': 'https://api.spotify.com/v1/audio-analysis/5ykbOijJEfRhuo2Td1m0Qd', 'duration_ms': 256307, 'time_signature': 4}"
You Get What You Give,New Radicals,"{'danceability': 0.621, 'energy': 0.901, 'key': 2, 'loudness': -5.396, 'mode': 1, 'speechiness': 0.0302, 'acousticness': 0.17, 'instrumentalness': 0, 'liveness': 0.0875, 'valence': 0.744, 'tempo': 113.967, 'type': 'audio_features', 'id': '1Cwsd5xI8CajJz795oy4XF', 'uri': 'spotify:track:1Cwsd5xI8CajJz795oy4XF', 'track_href': 'https://api.spotify.com/v1/tracks/1Cwsd5xI8CajJz795oy4XF', 'analysis_url': 'https://api.spotify.com/v1/audio-analysis/1Cwsd5xI8CajJz795oy4XF', 'duration_ms': 300773, 'time_signature': 4}"
Tongue Tied,GROUPLOVE,"{'danceability': 0.56, 'energy': 0.936, 'key': 3, 'loudness': -5.835, 'mode': 1, 'speechiness': 0.0439, 'acousticness': 0.00847, 'instrumentalness': 0, 'liveness': 0.161, 'valence': 0.371, 'tempo': 112.96, 'type': 'audio_features', 'id': '0GO8y8jQk1PkHzS31d699N', 'uri': 'spotify:track:0GO8y8jQk1PkHzS31d699N', 'track_href': 'https://api.spotify.com/v1/tracks/0GO8y8jQk1PkHzS31d699N', 'analysis_url': 'https://api.spotify.com/v1/audio-analysis/0GO8y8jQk1PkHzS31d699N', 'duration_ms': 218013, 'time_signature': 4}"
Common People - Full Length Version,Pulp,"{'danceability': 0.314, 'energy': 0.797, 'key': 0, 'loudness': -9.026, 'mode': 1, 'speechiness': 0.038, 'acousticness': 0.0057, 'instrumentalness': 5.59e-05, 'liveness': 0.0718, 'valence': 0.569, 'tempo': 145.393, 'type': 'audio_features', 'id': '2fXKyAyPrEa24c6PJyqznF', 'uri': 'spotify:track:2fXKyAyPrEa24c6PJyqznF', 'track_href': 'https://api.spotify.com/v1/tracks/2fXKyAyPrEa24c6PJyqznF', 'analysis_url': 'https://api.spotify.com/v1/audio-analysis/2fXKyAyPrEa24c6PJyqznF', 'duration_ms': 351627, 'time_signature': 4}"
The Less I Know The Better,Tame Impala,"{'danceability': 0.64, 'energy': 0.74, 'key': 4, 'loudness': -4.083, 'mode': 1, 'speechiness': 0.0284, 'acousticness': 0.0115, 'instrumentalness': 0.00678, 'liveness': 0.167, 'valence': 0.785, 'tempo': 116.879, 'type': 'audio_features', 'id': '6K4t31amVTZDgR3sKmwUJJ', 'uri': 'spotify:track:6K4t31amVTZDgR3sKmwUJJ', 'track_href': 'https://api.spotify.com/v1/tracks/6K4t31amVTZDgR3sKmwUJJ', 'analysis_url': 'https://api.spotify.com/v1/audio-analysis/6K4t31amVTZDgR3sKmwUJJ', 'duration_ms': 216320, 'time_signature': 4}"
What You Know,Two Door Cinema Club,"{'danceability': 0.563, 'energy': 0.739, 'key': 6, 'loudness': -4.239, 'mode': 0, 'speechiness': 0.0416, 'acousticness': 0.00073, 'instrumentalness': 1.45e-05, 'liveness': 0.0822, 'valence': 0.775, 'tempo': 139.0, 'type': 'audio_features', 'id': '3GBApU0NuzH4hKZq4NOSdA', 'uri': 'spotify:track:3GBApU0NuzH4hKZq4NOSdA', 'track_href': 'https://api.spotify.com/v1/tracks/3GBApU0NuzH4hKZq4NOSdA', 'analysis_url': 'https://api.spotify.com/v1/audio-analysis/3GBApU0NuzH4hKZq4NOSdA', 'duration_ms': 191707, 'time_signature': 4}"
When The Sun Goes Down,Arctic Monkeys,"{'danceability': 0.348, 'energy': 0.875, 'key': 11, 'loudness': -4.758, 'mode': 0, 'speechiness': 0.199, 'acousticness': 0.0341, 'instrumentalness': 0, 'liveness': 0.117, 'valence': 0.407, 'tempo': 169.152, 'type': 'audio_features', 'id': '2zzLRQ78kKfPTx8FJQCdC2', 'uri': 'spotify:track:2zzLRQ78kKfPTx8FJQCdC2', 'track_href': 'https://api.spotify.com/v1/tracks/2zzLRQ78kKfPTx8FJQCdC2', 'analysis_url': 'https://api.spotify.com/v1/audio-analysis/2zzLRQ78kKfPTx8FJQCdC2', 'duration_ms': 202133, 'time_signature': 4}"
Ain't No Rest for the Wicked,Cage The Elephant,"{'danceability': 0.636, 'energy': 0.849, 'key': 0, 'loudness': -7.075, 'mode': 1, 'speechiness': 0.106, 'acousticness': 0.0438, 'instrumentalness': 0, 'liveness': 0.372, 'valence': 0.917, 'tempo': 156.036, 'type': 'audio_features', 'id': '3Pzh926pXggbMe2ZpXyMV7', 'uri': 'spotify:track:3Pzh926pXggbMe2ZpXyMV7', 'track_href': 'https://api.spotify.com/v1/tracks/3Pzh926pXggbMe2ZpXyMV7', 'analysis_url': 'https://api.spotify.com/v1/audio-analysis/3Pzh926pXggbMe2ZpXyMV7', 'duration_ms': 175493, 'time_signature': 4}"
Song 2 - 2012 Remaster,Blur,"{'danceability': 0.674, 'energy': 0.789, 'key': 8, 'loudness': -6.903, 'mode': 1, 'speechiness': 0.0676, 'acousticness': 0.00178, 'instrumentalness': 0.00708, 'liveness': 0.0753, 'valence': 0.918, 'tempo': 129.802, 'type': 'audio_features', 'id': '1FTSo4v6BOZH9QxKc3MbVM', 'uri': 'spotify:track:1FTSo4v6BOZH9QxKc3MbVM', 'track_href': 'https://api.spotify.com/v1/tracks/1FTSo4v6BOZH9QxKc3MbVM', 'analysis_url': 'https://api.spotify.com/v1/audio-analysis/1FTSo4v6BOZH9QxKc3MbVM', 'duration_ms': 121160, 'time_signature': 4}"
Float On,Modest Mouse,"{'danceability': 0.649, 'energy': 0.888, 'key': 6, 'loudness': -4.807, 'mode': 1, 'speechiness': 0.0293, 'acousticness': 0.013, 'instrumentalness': 2.23e-06, 'liveness': 0.0888, 'valence': 0.553, 'tempo': 100.975, 'type': 'audio_features', 'id': '2lwwrWVKdf3LR9lbbhnr6R', 'uri': 'spotify:track:2lwwrWVKdf3LR9lbbhnr6R', 'track_href': 'https://api.spotify.com/v1/tracks/2lwwrWVKdf3LR9lbbhnr6R', 'analysis_url': 'https://api.spotify.com/v1/audio-analysis/2lwwrWVKdf3LR9lbbhnr6R', 'duration_ms': 208467, 'time_signature': 4}"
Where Is My Mind? - Remastered,Pixies,"{'danceability': 0.519, 'energy': 0.441, 'key': 4, 'loudness': -14.178, 'mode': 1, 'speechiness': 0.0353, 'acousticness': 0.0204, 'instrumentalness': 0.000453, 'liveness': 0.076, 'valence': 0.25, 'tempo': 81.334, 'type': 'audio_features', 'id': '7wCmS9TTVUcIhRalDYFgPy', 'uri': 'spotify:track:7wCmS9TTVUcIhRalDYFgPy', 'track_href': 'https://api.spotify.com/v1/tracks/7wCmS9TTVUcIhRalDYFgPy', 'analysis_url': 'https://api.spotify.com/v1/audio-analysis/7wCmS9TTVUcIhRalDYFgPy', 'duration_ms': 234973, 'time_signature': 4}"
Somebody Told Me,The Killers,"{'danceability': 0.497, 'energy': 0.97, 'key': 10, 'loudness': -4.851, 'mode': 0, 'speechiness': 0.0836, 'acousticness': 9.04e-05, 'instrumentalness': 0.000674, 'liveness': 0.101, 'valence': 0.689, 'tempo': 138.081, 'type': 'audio_features', 'id': '6PwjJ58I4t7Mae9xfZ9l9v', 'uri': 'spotify:track:6PwjJ58I4t7Mae9xfZ9l9v', 'track_href': 'https://api.spotify.com/v1/tracks/6PwjJ58I4t7Mae9xfZ9l9v', 'analysis_url': 'https://api.spotify.com/v1/audio-analysis/6PwjJ58I4t7Mae9xfZ9l9v', 'duration_ms': 197200, 'time_signature': 4}"
Bohemian Like You,The Dandy Warhols,"{'danceability': 0.583, 'energy': 0.932, 'key': 11, 'loudness': -6.158, 'mode': 0, 'speechiness': 0.0344, 'acousticness': 0.00318, 'instrumentalness': 0.769, 'liveness': 0.133, 'valence': 0.695, 'tempo': 131.289, 'type': 'audio_features', 'id': '3APHT3KjbHi9OllkVQsuXF', 'uri': 'spotify:track:3APHT3KjbHi9OllkVQsuXF', 'track_href': 'https://api.spotify.com/v1/tracks/3APHT3KjbHi9OllkVQsuXF', 'analysis_url': 'https://api.spotify.com/v1/audio-analysis/3APHT3KjbHi9OllkVQsuXF', 'duration_ms': 211707, 'time_signature': 4}"
Time to Pretend,MGMT,"{'danceability': 0.438, 'energy': 0.94, 'key': 2, 'loudness': -3.249, 'mode': 1, 'speechiness': 0.0452, 'acousticness': 8.74e-05, 'instrumentalness': 0.0777, 'liveness': 0.3, 'valence': 0.421, 'tempo': 100.99, 'type': 'audio_features', 'id': '4iG2gAwKXsOcijVaVXzRPW', 'uri': 'spotify:track:4iG2gAwKXsOcijVaVXzRPW', 'track_href': 'https://api.spotify.com/v1/tracks/4iG2gAwKXsOcijVaVXzRPW', 'analysis_url': 'https://api.spotify.com/v1/audio-analysis/4iG2gAwKXsOcijVaVXzRPW', 'duration_ms': 261000, 'time_signature': 3}"
If You Wanna,The Vaccines,"{'danceability': 0.353, 'energy': 0.866, 'key': 2, 'loudness': -3.274, 'mode': 1, 'speechiness': 0.0392, 'acousticness': 3.03e-05, 'instrumentalness': 3e-05, 'liveness': 0.295, 'valence': 0.544, 'tempo': 165.215, 'type': 'audio_features', 'id': '6Ca3uEAuun3HusTUiIXKs1', 'uri': 'spotify:track:6Ca3uEAuun3HusTUiIXKs1', 'track_href': 'https://api.spotify.com/v1/tracks/6Ca3uEAuun3HusTUiIXKs1', 'analysis_url': 'https://api.spotify.com/v1/audio-analysis/6Ca3uEAuun3HusTUiIXKs1', 'duration_ms': 174013, 'time_signature': 4}"
Are You Gonna Be My Girl,Jet,"{'danceability': 0.613, 'energy': 0.953, 'key': 2, 'loudness': -3.435, 'mode': 1, 'speechiness': 0.0855, 'acousticness': 0.00148, 'instrumentalness': 0.000582, 'liveness': 0.152, 'valence': 0.537, 'tempo': 105.046, 'type': 'audio_features', 'id': '305WCRhhS10XUcH6AEwZk6', 'uri': 'spotify:track:305WCRhhS10XUcH6AEwZk6', 'track_href': 'https://api.spotify.com/v1/tracks/305WCRhhS10XUcH6AEwZk6', 'analysis_url': 'https://api.spotify.com/v1/audio-analysis/305WCRhhS10XUcH6AEwZk6', 'duration_ms': 213800, 'time_signature': 4}"
This Charming Man - 2011 Remaster,The Smiths,"{'danceability': 0.611, 'energy': 0.846, 'key': 11, 'loudness': -5.9, 'mode': 1, 'speechiness': 0.0436, 'acousticness': 0.00509, 'instrumentalness': 0, 'liveness': 0.0784, 'valence': 0.751, 'tempo': 103.912, 'type': 'audio_features', 'id': '1FvDJ9KGxcqwv1utyPL3JZ', 'uri': 'spotify:track:1FvDJ9KGxcqwv1utyPL3JZ', 'track_href': 'https://api.spotify.com/v1/tracks/1FvDJ9KGxcqwv1utyPL3JZ', 'analysis_url': 'https://api.spotify.com/v1/audio-analysis/1FvDJ9KGxcqwv1utyPL3JZ', 'duration_ms': 162920, 'time_signature': 4}"
Alright,Supergrass,"{'danceability': 0.467, 'energy': 0.958, 'key': 4, 'loudness': -4.808, 'mode': 0, 'speechiness': 0.0775, 'acousticness': 0.000479, 'instrumentalness': 0.199, 'liveness': 0.299, 'valence': 0.701, 'tempo': 145.92, 'type': 'audio_features', 'id': '5CQvKyzkWI7TnUu2oB9QZ0', 'uri': 'spotify:track:5CQvKyzkWI7TnUu2oB9QZ0', 'track_href': 'https://api.spotify.com/v1/tracks/5CQvKyzkWI7TnUu2oB9QZ0', 'analysis_url': 'https://api.spotify.com/v1/audio-analysis/5CQvKyzkWI7TnUu2oB9QZ0', 'duration_ms': 180880, 'time_signature': 4}"
Do I Wanna Know?,Arctic Monkeys,"{'danceability': 0.548, 'energy': 0.532, 'key': 5, 'loudness': -7.596, 'mode': 1, 'speechiness': 0.0323, 'acousticness': 0.186, 'instrumentalness': 0.000263, 'liveness': 0.217, 'valence': 0.405, 'tempo': 85.03, 'type': 'audio_features', 'id': '5FVd6KXrgO9B3JPmC8OPst', 'uri': 'spotify:track:5FVd6KXrgO9B3JPmC8OPst', 'track_href': 'https://api.spotify.com/v1/tracks/5FVd6KXrgO9B3JPmC8OPst', 'analysis_url': 'https://api.spotify.com/v1/audio-analysis/5FVd6KXrgO9B3JPmC8OPst', 'duration_ms': 272394, 'time_signature': 4}"
Mr. Brightside,The Killers,"{'danceability': 0.352, 'energy': 0.911, 'key': 1, 'loudness': -5.23, 'mode': 1, 'speechiness': 0.0747, 'acousticness': 0.00121, 'instrumentalness': 0, 'liveness': 0.0995, 'valence': 0.236, 'tempo': 148.033, 'type': 'audio_features', 'id': '003vvx7Niy0yvhvHt4a68B', 'uri': 'spotify:track:003vvx7Niy0yvhvHt4a68B', 'track_href': 'https://api.spotify.com/v1/tracks/003vvx7Niy0yvhvHt4a68B', 'analysis_url': 'https://api.spotify.com/v1/audio-analysis/003vvx7Niy0yvhvHt4a68B', 'duration_ms': 222973, 'time_signature': 4}"
Mardy Bum,Arctic Monkeys,"{'danceability': 0.634, 'energy': 0.599, 'key': 2, 'loudness': -5.447, 'mode': 1, 'speechiness': 0.0365, 'acousticness': 0.0288, 'instrumentalness': 0, 'liveness': 0.197, 'valence': 0.312, 'tempo': 112.215, 'type': 'audio_features', 'id': '2fyIS6GXMgUcSv4oejx63f', 'uri': 'spotify:track:2fyIS6GXMgUcSv4oejx63f', 'track_href': 'https://api.spotify.com/v1/tracks/2fyIS6GXMgUcSv4oejx63f', 'analysis_url': 'https://api.spotify.com/v1/audio-analysis/2fyIS6GXMgUcSv4oejx63f', 'duration_ms': 175440, 'time_signature': 4}"
Last Nite,The Strokes,"{'danceability': 0.624, 'energy': 0.899, 'key': 0, 'loudness': -5.709, 'mode': 1, 'speechiness': 0.0296, 'acousticness': 0.0221, 'instrumentalness': 0.000137, 'liveness': 0.0975, 'valence': 0.79, 'tempo': 104.061, 'type': 'audio_features', 'id': '3SUusuA9jH1v6PVwtYMbdv', 'uri': 'spotify:track:3SUusuA9jH1v6PVwtYMbdv', 'track_href': 'https://api.spotify.com/v1/tracks/3SUusuA9jH1v6PVwtYMbdv', 'analysis_url': 'https://api.spotify.com/v1/audio-analysis/3SUusuA9jH1v6PVwtYMbdv', 'duration_ms': 193373, 'time_signature': 4}"
Bitter Sweet Symphony - Remastered 2016,The Verve,"{'danceability': 0.356, 'energy': 0.917, 'key': 9, 'loudness': -6.006, 'mode': 1, 'speechiness': 0.0479, 'acousticness': 0.0335, 'instrumentalness': 0, 'liveness': 0.406, 'valence': 0.518, 'tempo': 171.176, 'type': 'audio_features', 'id': '57iDDD9N9tTWe75x6qhStw', 'uri': 'spotify:track:57iDDD9N9tTWe75x6qhStw', 'track_href': 'https://api.spotify.com/v1/tracks/57iDDD9N9tTWe75x6qhStw', 'analysis_url': 'https://api.spotify.com/v1/audio-analysis/57iDDD9N9tTWe75x6qhStw', 'duration_ms': 357267, 'time_signature': 4}"
Seven Nation Army,The White Stripes,"{'danceability': 0.743, 'energy': 0.446, 'key': 4, 'loudness': -7.807, 'mode': 0, 'speechiness': 0.0683, 'acousticness': 0.0039, 'instrumentalness': 0.118, 'liveness': 0.337, 'valence': 0.278, 'tempo': 123.596, 'type': 'audio_features', 'id': '3dPQuX8Gs42Y7b454ybpMR', 'uri': 'spotify:track:3dPQuX8Gs42Y7b454ybpMR', 'track_href': 'https://api.spotify.com/v1/tracks/3dPQuX8Gs42Y7b454ybpMR', 'analysis_url': 'https://api.spotify.com/v1/audio-analysis/3dPQuX8Gs42Y7b454ybpMR', 'duration_ms': 232107, 'time_signature': 4}"
Rebellion (Lies),Arcade Fire,"{'danceability': 0.401, 'energy': 0.933, 'key': 8, 'loudness': -5.682, 'mode': 1, 'speechiness': 0.0344, 'acousticness': 0.00744, 'instrumentalness': 0.627, 'liveness': 0.318, 'valence': 0.734, 'tempo': 127.193, 'type': 'audio_features', 'id': '0xOeB16JDbBJBJKSdHbElT', 'uri': 'spotify:track:0xOeB16JDbBJBJKSdHbElT', 'track_href': 'https://api.spotify.com/v1/tracks/0xOeB16JDbBJBJKSdHbElT', 'analysis_url': 'https://api.spotify.com/v1/audio-analysis/0xOeB16JDbBJBJKSdHbElT', 'duration_ms': 310893, 'time_signature': 4}"
Age of Consent - 2015 Remaster,New Order,"{'danceability': 0.372, 'energy': 0.91, 'key': 2, 'loudness': -5.559, 'mode': 1, 'speechiness': 0.0392, 'acousticness': 0.00101, 'instrumentalness': 0.0944, 'liveness': 0.13, 'valence': 0.756, 'tempo': 161.964, 'type': 'audio_features', 'id': '2EEinN4Zk8MUv4OQuLsTBj', 'uri': 'spotify:track:2EEinN4Zk8MUv4OQuLsTBj', 'track_href': 'https://api.spotify.com/v1/tracks/2EEinN4Zk8MUv4OQuLsTBj', 'analysis_url': 'https://api.spotify.com/v1/audio-analysis/2EEinN4Zk8MUv4OQuLsTBj', 'duration_ms': 315333, 'time_signature': 4}"
Take Me Out,Franz Ferdinand,"{'danceability': 0.277, 'energy': 0.663, 'key': 4, 'loudness': -8.821, 'mode': 0, 'speechiness': 0.0377, 'acousticness': 0.000409, 'instrumentalness': 0.00051, 'liveness': 0.136, 'valence': 0.527, 'tempo': 104.561, 'type': 'audio_features', 'id': '20I8RduZC2PWMWTDCZuuAN', 'uri': 'spotify:track:20I8RduZC2PWMWTDCZuuAN', 'track_href': 'https://api.spotify.com/v1/tracks/20I8RduZC2PWMWTDCZuuAN', 'analysis_url': 'https://api.spotify.com/v1/audio-analysis/20I8RduZC2PWMWTDCZuuAN', 'duration_ms': 237027, 'time_signature': 4}"
Lisztomania,Phoenix,"{'danceability': 0.64, 'energy': 0.789, 'key': 0, 'loudness': -6.691, 'mode': 1, 'speechiness': 0.0359, 'acousticness': 0.0338, 'instrumentalness': 0.00388, 'liveness': 0.53, 'valence': 0.311, 'tempo': 97.539, 'type': 'audio_features', 'id': '7fmJGzyvOcbh6UANsH8Cp6', 'uri': 'spotify:track:7fmJGzyvOcbh6UANsH8Cp6', 'track_href': 'https://api.spotify.com/v1/tracks/7fmJGzyvOcbh6UANsH8Cp6', 'analysis_url': 'https://api.spotify.com/v1/audio-analysis/7fmJGzyvOcbh6UANsH8Cp6', 'duration_ms': 241640, 'time_signature': 4}"
Pumped Up Kicks,Foster The People,"{'danceability': 0.733, 'energy': 0.71, 'key': 5, 'loudness': -5.849, 'mode': 0, 'speechiness': 0.0292, 'acousticness': 0.145, 'instrumentalness': 0.115, 'liveness': 0.0956, 'valence': 0.965, 'tempo': 127.975, 'type': 'audio_features', 'id': '7w87IxuO7BDcJ3YUqCyMTT', 'uri': 'spotify:track:7w87IxuO7BDcJ3YUqCyMTT', 'track_href': 'https://api.spotify.com/v1/tracks/7w87IxuO7BDcJ3YUqCyMTT', 'analysis_url': 'https://api.spotify.com/v1/audio-analysis/7w87IxuO7BDcJ3YUqCyMTT', 'duration_ms': 239600, 'time_signature': 4}"
When You Were Young,The Killers,"{'danceability': 0.467, 'energy': 0.988, 'key': 11, 'loudness': -3.313, 'mode': 1, 'speechiness': 0.112, 'acousticness': 0.000152, 'instrumentalness': 0.0484, 'liveness': 0.28, 'valence': 0.321, 'tempo': 130.433, 'type': 'audio_features', 'id': '70wYA8oYHoMzhRRkARoMhU', 'uri': 'spotify:track:70wYA8oYHoMzhRRkARoMhU', 'track_href': 'https://api.spotify.com/v1/tracks/70wYA8oYHoMzhRRkARoMhU', 'analysis_url': 'https://api.spotify.com/v1/audio-analysis/70wYA8oYHoMzhRRkARoMhU', 'duration_ms': 220427, 'time_signature': 4}"
Friday I'm in Love,The Cure,"{'danceability': 0.526, 'energy': 0.762, 'key': 0, 'loudness': -12.437, 'mode': 0, 'speechiness': 0.0342, 'acousticness': 0.000972, 'instrumentalness': 0.000116, 'liveness': 0.338, 'valence': 0.505, 'tempo': 136.203, 'type': 'audio_features', 'id': '263aNAQCeFSWipk896byo6', 'uri': 'spotify:track:263aNAQCeFSWipk896byo6', 'track_href': 'https://api.spotify.com/v1/tracks/263aNAQCeFSWipk896byo6', 'analysis_url': 'https://api.spotify.com/v1/audio-analysis/263aNAQCeFSWipk896byo6', 'duration_ms': 214400, 'time_signature': 4}"
Ho Hey,The Lumineers,"{'danceability': 0.685, 'energy': 0.466, 'key': 0, 'loudness': -9.074, 'mode': 1, 'speechiness': 0.0304, 'acousticness': 0.794, 'instrumentalness': 2.06e-06, 'liveness': 0.0915, 'valence': 0.353, 'tempo': 79.936, 'type': 'audio_features', 'id': '0W4Kpfp1w2xkY3PrV714B7', 'uri': 'spotify:track:0W4Kpfp1w2xkY3PrV714B7', 'track_href': 'https://api.spotify.com/v1/tracks/0W4Kpfp1w2xkY3PrV714B7', 'analysis_url': 'https://api.spotify.com/v1/audio-analysis/0W4Kpfp1w2xkY3PrV714B7', 'duration_ms': 163133, 'time_signature': 4}"
Sex on Fire,Kings of Leon,"{'danceability': 0.542, 'energy': 0.905, 'key': 9, 'loudness': -5.653, 'mode': 1, 'speechiness': 0.054, 'acousticness': 0.00172, 'instrumentalness': 0.0104, 'liveness': 0.136, 'valence': 0.374, 'tempo': 153.398, 'type': 'audio_features', 'id': '0ntQJM78wzOLVeCUAW7Y45', 'uri': 'spotify:track:0ntQJM78wzOLVeCUAW7Y45', 'track_href': 'https://api.spotify.com/v1/tracks/0ntQJM78wzOLVeCUAW7Y45', 'analysis_url': 'https://api.spotify.com/v1/audio-analysis/0ntQJM78wzOLVeCUAW7Y45', 'duration_ms': 203347, 'time_signature': 4}"
Naive,The Kooks,"{'danceability': 0.547, 'energy': 0.816, 'key': 8, 'loudness': -6.165, 'mode': 0, 'speechiness': 0.0624, 'acousticness': 0.0688, 'instrumentalness': 0, 'liveness': 0.127, 'valence': 0.722, 'tempo': 102.765, 'type': 'audio_features', 'id': '2RUhtNBh43RtSg0WBPPq3m', 'uri': 'spotify:track:2RUhtNBh43RtSg0WBPPq3m', 'track_href': 'https://api.spotify.com/v1/tracks/2RUhtNBh43RtSg0WBPPq3m', 'analysis_url': 'https://api.spotify.com/v1/audio-analysis/2RUhtNBh43RtSg0WBPPq3m', 'duration_ms': 203507, 'time_signature': 4}"
Chocolate,The 1975,"{'danceability': 0.591, 'energy': 0.94, 'key': 11, 'loudness': -4.341, 'mode': 1, 'speechiness': 0.0522, 'acousticness': 0.00391, 'instrumentalness': 0, 'liveness': 0.383, 'valence': 0.676, 'tempo': 100.043, 'type': 'audio_features', 'id': '44Ljlpy44mHvLJxcYUvTK0', 'uri': 'spotify:track:44Ljlpy44mHvLJxcYUvTK0', 'track_href': 'https://api.spotify.com/v1/tracks/44Ljlpy44mHvLJxcYUvTK0', 'analysis_url': 'https://api.spotify.com/v1/audio-analysis/44Ljlpy44mHvLJxcYUvTK0', 'duration_ms': 224640, 'time_signature': 4}"
Reptilia,The Strokes,"{'danceability': 0.489, 'energy': 0.649, 'key': 9, 'loudness': -5.11, 'mode': 1, 'speechiness': 0.0336, 'acousticness': 0.000603, 'instrumentalness': 0.713, 'liveness': 0.101, 'valence': 0.77, 'tempo': 158.009, 'type': 'audio_features', 'id': '57Xjny5yNzAcsxnusKmAfA', 'uri': 'spotify:track:57Xjny5yNzAcsxnusKmAfA', 'track_href': 'https://api.spotify.com/v1/tracks/57Xjny5yNzAcsxnusKmAfA', 'analysis_url': 'https://api.spotify.com/v1/audio-analysis/57Xjny5yNzAcsxnusKmAfA', 'duration_ms': 219827, 'time_signature': 4}"
Chelsea Dagger,The Fratellis,"{'danceability': 0.512, 'energy': 0.817, 'key': 7, 'loudness': -3.154, 'mode': 1, 'speechiness': 0.142, 'acousticness': 0.0505, 'instrumentalness': 0, 'liveness': 0.0775, 'valence': 0.552, 'tempo': 154.607, 'type': 'audio_features', 'id': '3ItzRpwvKtkDSNdRSjXu7Z', 'uri': 'spotify:track:3ItzRpwvKtkDSNdRSjXu7Z', 'track_href': 'https://api.spotify.com/v1/tracks/3ItzRpwvKtkDSNdRSjXu7Z', 'analysis_url': 'https://api.spotify.com/v1/audio-analysis/3ItzRpwvKtkDSNdRSjXu7Z', 'duration_ms': 215173, 'time_signature': 4}"
Charlemagne,Blossoms,"{'danceability': 0.544, 'energy': 0.925, 'key': 9, 'loudness': -3.828, 'mode': 0, 'speechiness': 0.0406, 'acousticness': 0.00327, 'instrumentalness': 0.000399, 'liveness': 0.284, 'valence': 0.789, 'tempo': 101.984, 'type': 'audio_features', 'id': '7H5WVBQdSnJ1zmu8JoD6pg', 'uri': 'spotify:track:7H5WVBQdSnJ1zmu8JoD6pg', 'track_href': 'https://api.spotify.com/v1/tracks/7H5WVBQdSnJ1zmu8JoD6pg', 'analysis_url': 'https://api.spotify.com/v1/audio-analysis/7H5WVBQdSnJ1zmu8JoD6pg', 'duration_ms': 166792, 'time_signature': 4}"
Paper Planes,M.I.A.,"{'danceability': 0.447, 'energy': 0.848, 'key': 2, 'loudness': -6.175, 'mode': 1, 'speechiness': 0.222, 'acousticness': 0.033, 'instrumentalness': 7.46e-05, 'liveness': 0.65, 'valence': 0.485, 'tempo': 172.253, 'type': 'audio_features', 'id': '1ixbwbeBi5ufN4noUKmW5a', 'uri': 'spotify:track:1ixbwbeBi5ufN4noUKmW5a', 'track_href': 'https://api.spotify.com/v1/tracks/1ixbwbeBi5ufN4noUKmW5a', 'analysis_url': 'https://api.spotify.com/v1/audio-analysis/1ixbwbeBi5ufN4noUKmW5a', 'duration_ms': 205200, 'time_signature': 4}"
Midnight City,M83,"{'danceability': 0.526, 'energy': 0.712, 'key': 11, 'loudness': -6.525, 'mode': 0, 'speechiness': 0.0356, 'acousticness': 0.0161, 'instrumentalness': 0, 'liveness': 0.179, 'valence': 0.32, 'tempo': 105.009, 'type': 'audio_features', 'id': '1eyzqe2QqGZUmfcPZtrIyt', 'uri': 'spotify:track:1eyzqe2QqGZUmfcPZtrIyt', 'track_href': 'https://api.spotify.com/v1/tracks/1eyzqe2QqGZUmfcPZtrIyt', 'analysis_url': 'https://api.spotify.com/v1/audio-analysis/1eyzqe2QqGZUmfcPZtrIyt', 'duration_ms': 241440, 'time_signature': 4}"
Live Forever - Remastered,Oasis,"{'danceability': 0.286, 'energy': 0.822, 'key': 9, 'loudness': -3.366, 'mode': 0, 'speechiness': 0.0381, 'acousticness': 2.31e-05, 'instrumentalness': 1.31e-05, 'liveness': 0.353, 'valence': 0.19, 'tempo': 90.96, 'type': 'audio_features', 'id': '6TlQ5fbojNRuG0hPQMbxeW', 'uri': 'spotify:track:6TlQ5fbojNRuG0hPQMbxeW', 'track_href': 'https://api.spotify.com/v1/tracks/6TlQ5fbojNRuG0hPQMbxeW', 'analysis_url': 'https://api.spotify.com/v1/audio-analysis/6TlQ5fbojNRuG0hPQMbxeW', 'duration_ms': 276667, 'time_signature': 4}"
My Favourite Game,The Cardigans,"{'danceability': 0.586, 'energy': 0.777, 'key': 5, 'loudness': -6.185, 'mode': 0, 'speechiness': 0.0303, 'acousticness': 4.78e-05, 'instrumentalness': 0.00147, 'liveness': 0.0729, 'valence': 0.424, 'tempo': 143.339, 'type': 'audio_features', 'id': '0Ui05Ov0s4PnRc4JI3Pilg', 'uri': 'spotify:track:0Ui05Ov0s4PnRc4JI3Pilg', 'track_href': 'https://api.spotify.com/v1/tracks/0Ui05Ov0s4PnRc4JI3Pilg', 'analysis_url': 'https://api.spotify.com/v1/audio-analysis/0Ui05Ov0s4PnRc4JI3Pilg', 'duration_ms': 220468, 'time_signature': 4}"
Dog Days Are Over,Florence + The Machine,"{'danceability': 0.492, 'energy': 0.81, 'key': 7, 'loudness': -5.315, 'mode': 1, 'speechiness': 0.0847, 'acousticness': 0.0416, 'instrumentalness': 0.00379, 'liveness': 0.117, 'valence': 0.245, 'tempo': 149.954, 'type': 'audio_features', 'id': '1YLJVmuzeM2YSUkCCaTNUB', 'uri': 'spotify:track:1YLJVmuzeM2YSUkCCaTNUB', 'track_href': 'https://api.spotify.com/v1/tracks/1YLJVmuzeM2YSUkCCaTNUB', 'analysis_url': 'https://api.spotify.com/v1/audio-analysis/1YLJVmuzeM2YSUkCCaTNUB', 'duration_ms': 251840, 'time_signature': 4}"
Young Blood,The Naked And Famous,"{'danceability': 0.579, 'energy': 0.865, 'key': 6, 'loudness': -4.692, 'mode': 1, 'speechiness': 0.0302, 'acousticness': 5.63e-05, 'instrumentalness': 0.000221, 'liveness': 0.649, 'valence': 0.358, 'tempo': 104.99, 'type': 'audio_features', 'id': '25nzKGDiua1lE9Qo5V19GL', 'uri': 'spotify:track:25nzKGDiua1lE9Qo5V19GL', 'track_href': 'https://api.spotify.com/v1/tracks/25nzKGDiua1lE9Qo5V19GL', 'analysis_url': 'https://api.spotify.com/v1/audio-analysis/25nzKGDiua1lE9Qo5V19GL', 'duration_ms': 246600, 'time_signature': 4}"
Cigarette Daydreams,Cage The Elephant,"{'danceability': 0.636, 'energy': 0.676, 'key': 2, 'loudness': -3.442, 'mode': 1, 'speechiness': 0.0263, 'acousticness': 0.0807, 'instrumentalness': 0, 'liveness': 0.0831, 'valence': 0.273, 'tempo': 113.98, 'type': 'audio_features', 'id': '2tznHmp70DxMyr2XhWLOW0', 'uri': 'spotify:track:2tznHmp70DxMyr2XhWLOW0', 'track_href': 'https://api.spotify.com/v1/tracks/2tznHmp70DxMyr2XhWLOW0', 'analysis_url': 'https://api.spotify.com/v1/audio-analysis/2tznHmp70DxMyr2XhWLOW0', 'duration_ms': 208760, 'time_signature': 4}"
Lonely Boy,The Black Keys,"{'danceability': 0.356, 'energy': 0.872, 'key': 2, 'loudness': -7.837, 'mode': 1, 'speechiness': 0.068, 'acousticness': 0.00417, 'instrumentalness': 0.00975, 'liveness': 0.0997, 'valence': 0.607, 'tempo': 166.3, 'type': 'audio_features', 'id': '5G1sTBGbZT5o4PNRc75RKI', 'uri': 'spotify:track:5G1sTBGbZT5o4PNRc75RKI', 'track_href': 'https://api.spotify.com/v1/tracks/5G1sTBGbZT5o4PNRc75RKI', 'analysis_url': 'https://api.spotify.com/v1/audio-analysis/5G1sTBGbZT5o4PNRc75RKI', 'duration_ms': 193653, 'time_signature': 4}"
Golden Skans,Klaxons,"{'danceability': 0.463, 'energy': 0.836, 'key': 2, 'loudness': -2.776, 'mode': 0, 'speechiness': 0.0381, 'acousticness': 0.000418, 'instrumentalness': 7.38e-06, 'liveness': 0.25, 'valence': 0.713, 'tempo': 141.955, 'type': 'audio_features', 'id': '6BqWhxll86CGGE6WxgdRqG', 'uri': 'spotify:track:6BqWhxll86CGGE6WxgdRqG', 'track_href': 'https://api.spotify.com/v1/tracks/6BqWhxll86CGGE6WxgdRqG', 'analysis_url': 'https://api.spotify.com/v1/audio-analysis/6BqWhxll86CGGE6WxgdRqG', 'duration_ms': 165120, 'time_signature': 4}"
Cocoon,Catfish and the Bottlemen,"{'danceability': 0.446, 'energy': 0.91, 'key': 7, 'loudness': -4.481, 'mode': 0, 'speechiness': 0.0652, 'acousticness': 0.000254, 'instrumentalness': 9.76e-05, 'liveness': 0.077, 'valence': 0.325, 'tempo': 133.053, 'type': 'audio_features', 'id': '1B241LRKmK6qDDTZfUajmm', 'uri': 'spotify:track:1B241LRKmK6qDDTZfUajmm', 'track_href': 'https://api.spotify.com/v1/tracks/1B241LRKmK6qDDTZfUajmm', 'analysis_url': 'https://api.spotify.com/v1/audio-analysis/1B241LRKmK6qDDTZfUajmm', 'duration_ms': 236887, 'time_signature': 4}"
Little Talks,Of Monsters and Men,"{'danceability': 0.457, 'energy': 0.757, 'key': 1, 'loudness': -5.177, 'mode': 1, 'speechiness': 0.032, 'acousticness': 0.0206, 'instrumentalness': 0, 'liveness': 0.146, 'valence': 0.417, 'tempo': 102.961, 'type': 'audio_features', 'id': '2ihCaVdNZmnHZWt0fvAM7B', 'uri': 'spotify:track:2ihCaVdNZmnHZWt0fvAM7B', 'track_href': 'https://api.spotify.com/v1/tracks/2ihCaVdNZmnHZWt0fvAM7B', 'analysis_url': 'https://api.spotify.com/v1/audio-analysis/2ihCaVdNZmnHZWt0fvAM7B', 'duration_ms': 266600, 'time_signature': 4}"
Town Called Malice,The Jam,"{'danceability': 0.542, 'energy': 0.91, 'key': 7, 'loudness': -8.924, 'mode': 1, 'speechiness': 0.0873, 'acousticness': 0.00228, 'instrumentalness': 0.00524, 'liveness': 0.0686, 'valence': 0.775, 'tempo': 101.774, 'type': 'audio_features', 'id': '0gdmDP6xy3ZV7JNoHWAN9k', 'uri': 'spotify:track:0gdmDP6xy3ZV7JNoHWAN9k', 'track_href': 'https://api.spotify.com/v1/tracks/0gdmDP6xy3ZV7JNoHWAN9k', 'analysis_url': 'https://api.spotify.com/v1/audio-analysis/0gdmDP6xy3ZV7JNoHWAN9k', 'duration_ms': 173320, 'time_signature': 4}"
My Type,Saint Motel,"{'danceability': 0.595, 'energy': 0.896, 'key': 10, 'loudness': -2.951, 'mode': 1, 'speechiness': 0.047, 'acousticness': 0.0641, 'instrumentalness': 5.82e-05, 'liveness': 0.0748, 'valence': 0.567, 'tempo': 118.001, 'type': 'audio_features', 'id': '2Iq6HhIquO7JKr0KfTNLzU', 'uri': 'spotify:track:2Iq6HhIquO7JKr0KfTNLzU', 'track_href': 'https://api.spotify.com/v1/tracks/2Iq6HhIquO7JKr0KfTNLzU', 'analysis_url': 'https://api.spotify.com/v1/audio-analysis/2Iq6HhIquO7JKr0KfTNLzU', 'duration_ms': 204812, 'time_signature': 4}"
The Look,Metronomy,"{'danceability': 0.638, 'energy': 0.535, 'key': 9, 'loudness': -7.792, 'mode': 0, 'speechiness': 0.0415, 'acousticness': 0.623, 'instrumentalness': 0.0391, 'liveness': 0.0837, 'valence': 0.504, 'tempo': 84.947, 'type': 'audio_features', 'id': '6zfczP87XO2SxWlQtnjFNa', 'uri': 'spotify:track:6zfczP87XO2SxWlQtnjFNa', 'track_href': 'https://api.spotify.com/v1/tracks/6zfczP87XO2SxWlQtnjFNa', 'analysis_url': 'https://api.spotify.com/v1/audio-analysis/6zfczP87XO2SxWlQtnjFNa', 'duration_ms': 277653, 'time_signature': 4}"
Canter,Gerry Cinnamon,"{'danceability': 0.681, 'energy': 0.685, 'key': 10, 'loudness': -6.832, 'mode': 1, 'speechiness': 0.0313, 'acousticness': 0.173, 'instrumentalness': 0, 'liveness': 0.425, 'valence': 0.547, 'tempo': 134.967, 'type': 'audio_features', 'id': '4rrXxmaUQVCO0mqDpY5fZf', 'uri': 'spotify:track:4rrXxmaUQVCO0mqDpY5fZf', 'track_href': 'https://api.spotify.com/v1/tracks/4rrXxmaUQVCO0mqDpY5fZf', 'analysis_url': 'https://api.spotify.com/v1/audio-analysis/4rrXxmaUQVCO0mqDpY5fZf', 'duration_ms': 266775, 'time_signature': 4}"
Banquet,Bloc Party,"{'danceability': 0.578, 'energy': 0.892, 'key': 10, 'loudness': -7.952, 'mode': 0, 'speechiness': 0.0441, 'acousticness': 0.000139, 'instrumentalness': 0.0111, 'liveness': 0.215, 'valence': 0.892, 'tempo': 150.253, 'type': 'audio_features', 'id': '2YxXuCdbUpil3P7tRjhW1t', 'uri': 'spotify:track:2YxXuCdbUpil3P7tRjhW1t', 'track_href': 'https://api.spotify.com/v1/tracks/2YxXuCdbUpil3P7tRjhW1t', 'analysis_url': 'https://api.spotify.com/v1/audio-analysis/2YxXuCdbUpil3P7tRjhW1t', 'duration_ms': 196613, 'time_signature': 4}"
Jerk It Out,Caesars,"{'danceability': 0.58, 'energy': 0.981, 'key': 8, 'loudness': -2.603, 'mode': 0, 'speechiness': 0.06, 'acousticness': 0.0171, 'instrumentalness': 1.07e-05, 'liveness': 0.386, 'valence': 0.861, 'tempo': 134.007, 'type': 'audio_features', 'id': '5XMjXjwCkJVmk0AHm7z8IV', 'uri': 'spotify:track:5XMjXjwCkJVmk0AHm7z8IV', 'track_href': 'https://api.spotify.com/v1/tracks/5XMjXjwCkJVmk0AHm7z8IV', 'analysis_url': 'https://api.spotify.com/v1/audio-analysis/5XMjXjwCkJVmk0AHm7z8IV', 'duration_ms': 195667, 'time_signature': 4}"
Kids,MGMT,"{'danceability': 0.451, 'energy': 0.931, 'key': 9, 'loudness': -3.871, 'mode': 1, 'speechiness': 0.0719, 'acousticness': 0.00076, 'instrumentalness': 0.0049, 'liveness': 0.361, 'valence': 0.172, 'tempo': 122.961, 'type': 'audio_features', 'id': '1jJci4qxiYcOHhQR247rEU', 'uri': 'spotify:track:1jJci4qxiYcOHhQR247rEU', 'track_href': 'https://api.spotify.com/v1/tracks/1jJci4qxiYcOHhQR247rEU', 'analysis_url': 'https://api.spotify.com/v1/audio-analysis/1jJci4qxiYcOHhQR247rEU', 'duration_ms': 302840, 'time_signature': 4}"
Dakota,Stereophonics,"{'danceability': 0.506, 'energy': 0.93, 'key': 4, 'loudness': -3.499, 'mode': 1, 'speechiness': 0.0675, 'acousticness': 0.129, 'instrumentalness': 0.00682, 'liveness': 0.0931, 'valence': 0.305, 'tempo': 146.994, 'type': 'audio_features', 'id': '3qaSqrrevBrb84xl5JlptU', 'uri': 'spotify:track:3qaSqrrevBrb84xl5JlptU', 'track_href': 'https://api.spotify.com/v1/tracks/3qaSqrrevBrb84xl5JlptU', 'analysis_url': 'https://api.spotify.com/v1/audio-analysis/3qaSqrrevBrb84xl5JlptU', 'duration_ms': 297427, 'time_signature': 4}"
T-Shirt Weather,Circa Waves,"{'danceability': 0.421, 'energy': 0.95, 'key': 4, 'loudness': -4.603, 'mode': 1, 'speechiness': 0.0662, 'acousticness': 0.00145, 'instrumentalness': 1.1e-05, 'liveness': 0.245, 'valence': 0.472, 'tempo': 160.02, 'type': 'audio_features', 'id': '7MfNoHB8JRNbSQ8P3eAfMQ', 'uri': 'spotify:track:7MfNoHB8JRNbSQ8P3eAfMQ', 'track_href': 'https://api.spotify.com/v1/tracks/7MfNoHB8JRNbSQ8P3eAfMQ', 'analysis_url': 'https://api.spotify.com/v1/audio-analysis/7MfNoHB8JRNbSQ8P3eAfMQ', 'duration_ms': 192120, 'time_signature': 4}"
Don't Look Back In Anger - Remastered,Oasis,"{'danceability': 0.328, 'energy': 0.936, 'key': 0, 'loudness': -3.254, 'mode': 1, 'speechiness': 0.0628, 'acousticness': 0.0665, 'instrumentalness': 2.61e-06, 'liveness': 0.165, 'valence': 0.31, 'tempo': 162.97, 'type': 'audio_features', 'id': '12dU3vAh6AFoJkisorfoUl', 'uri': 'spotify:track:12dU3vAh6AFoJkisorfoUl', 'track_href': 'https://api.spotify.com/v1/tracks/12dU3vAh6AFoJkisorfoUl', 'analysis_url': 'https://api.spotify.com/v1/audio-analysis/12dU3vAh6AFoJkisorfoUl', 'duration_ms': 289560, 'time_signature': 4}"
Riptide,Vance Joy,"{'danceability': 0.484, 'energy': 0.731, 'key': 1, 'loudness': -6.694, 'mode': 1, 'speechiness': 0.0379, 'acousticness': 0.431, 'instrumentalness': 0, 'liveness': 0.151, 'valence': 0.51, 'tempo': 101.654, 'type': 'audio_features', 'id': '3JvrhDOgAt6p7K8mDyZwRd', 'uri': 'spotify:track:3JvrhDOgAt6p7K8mDyZwRd', 'track_href': 'https://api.spotify.com/v1/tracks/3JvrhDOgAt6p7K8mDyZwRd', 'analysis_url': 'https://api.spotify.com/v1/audio-analysis/3JvrhDOgAt6p7K8mDyZwRd', 'duration_ms': 204280, 'time_signature': 4}"
Gold on the Ceiling,The Black Keys,"{'danceability': 0.505, 'energy': 0.833, 'key': 0, 'loudness': -4.632, 'mode': 1, 'speechiness': 0.0475, 'acousticness': 0.00772, 'instrumentalness': 7.9e-05, 'liveness': 0.069, 'valence': 0.565, 'tempo': 130.121, 'type': 'audio_features', 'id': '5lN1EH25gdiqT1SFALMAq1', 'uri': 'spotify:track:5lN1EH25gdiqT1SFALMAq1', 'track_href': 'https://api.spotify.com/v1/tracks/5lN1EH25gdiqT1SFALMAq1', 'analysis_url': 'https://api.spotify.com/v1/audio-analysis/5lN1EH25gdiqT1SFALMAq1', 'duration_ms': 224333, 'time_signature': 4}"
Bulletproof,La Roux,"{'danceability': 0.674, 'energy': 0.882, 'key': 3, 'loudness': -2.771, 'mode': 0, 'speechiness': 0.0477, 'acousticness': 0.000441, 'instrumentalness': 6.47e-05, 'liveness': 0.068, 'valence': 0.682, 'tempo': 123.016, 'type': 'audio_features', 'id': '3kMrazSvILsgcwtidZd1Qd', 'uri': 'spotify:track:3kMrazSvILsgcwtidZd1Qd', 'track_href': 'https://api.spotify.com/v1/tracks/3kMrazSvILsgcwtidZd1Qd', 'analysis_url': 'https://api.spotify.com/v1/audio-analysis/3kMrazSvILsgcwtidZd1Qd', 'duration_ms': 205733, 'time_signature': 4}"
Electric Feel,MGMT,"{'danceability': 0.763, 'energy': 0.803, 'key': 1, 'loudness': -3.713, 'mode': 1, 'speechiness': 0.0351, 'acousticness': 0.0709, 'instrumentalness': 0.285, 'liveness': 0.348, 'valence': 0.561, 'tempo': 103.04, 'type': 'audio_features', 'id': '3FtYbEfBqAlGO46NUDQSAt', 'uri': 'spotify:track:3FtYbEfBqAlGO46NUDQSAt', 'track_href': 'https://api.spotify.com/v1/tracks/3FtYbEfBqAlGO46NUDQSAt', 'analysis_url': 'https://api.spotify.com/v1/audio-analysis/3FtYbEfBqAlGO46NUDQSAt', 'duration_ms': 229640, 'time_signature': 3}"
Brazil,Declan McKenna,"{'danceability': 0.687, 'energy': 0.617, 'key': 4, 'loudness': -5.213, 'mode': 1, 'speechiness': 0.0287, 'acousticness': 0.0941, 'instrumentalness': 1.27e-05, 'liveness': 0.0898, 'valence': 0.665, 'tempo': 121.079, 'type': 'audio_features', 'id': '4sNG6zQBmtq7M8aeeKJRMQ', 'uri': 'spotify:track:4sNG6zQBmtq7M8aeeKJRMQ', 'track_href': 'https://api.spotify.com/v1/tracks/4sNG6zQBmtq7M8aeeKJRMQ', 'analysis_url': 'https://api.spotify.com/v1/audio-analysis/4sNG6zQBmtq7M8aeeKJRMQ', 'duration_ms': 252307, 'time_signature': 4}"
Feel Good Inc.,Gorillaz,"{'danceability': 0.818, 'energy': 0.705, 'key': 6, 'loudness': -6.679, 'mode': 1, 'speechiness': 0.177, 'acousticness': 0.00836, 'instrumentalness': 0.00233, 'liveness': 0.613, 'valence': 0.772, 'tempo': 138.559, 'type': 'audio_features', 'id': '0d28khcov6AiegSCpG5TuT', 'uri': 'spotify:track:0d28khcov6AiegSCpG5TuT', 'track_href': 'https://api.spotify.com/v1/tracks/0d28khcov6AiegSCpG5TuT', 'analysis_url': 'https://api.spotify.com/v1/audio-analysis/0d28khcov6AiegSCpG5TuT', 'duration_ms': 222640, 'time_signature': 4}"
Home (2019 Remaster),Edward Sharpe & The Magnetic Zeros,"{'danceability': 0.53, 'energy': 0.634, 'key': 2, 'loudness': -5.759, 'mode': 1, 'speechiness': 0.0311, 'acousticness': 0.245, 'instrumentalness': 0.000601, 'liveness': 0.0978, 'valence': 0.105, 'tempo': 111.615, 'type': 'audio_features', 'id': '5uGXVcOINWmyUzpz0lKq7m', 'uri': 'spotify:track:5uGXVcOINWmyUzpz0lKq7m', 'track_href': 'https://api.spotify.com/v1/tracks/5uGXVcOINWmyUzpz0lKq7m', 'analysis_url': 'https://api.spotify.com/v1/audio-analysis/5uGXVcOINWmyUzpz0lKq7m', 'duration_ms': 306373, 'time_signature': 4}"
Jenny Was A Friend Of Mine,The Killers,"{'danceability': 0.542, 'energy': 0.961, 'key': 11, 'loudness': -5.606, 'mode': 1, 'speechiness': 0.0518, 'acousticness': 0.000128, 'instrumentalness': 0.00119, 'liveness': 0.286, 'valence': 0.472, 'tempo': 114.048, 'type': 'audio_features', 'id': '60eVCXFCuw1WYswBuNZc4H', 'uri': 'spotify:track:60eVCXFCuw1WYswBuNZc4H', 'track_href': 'https://api.spotify.com/v1/tracks/60eVCXFCuw1WYswBuNZc4H', 'analysis_url': 'https://api.spotify.com/v1/audio-analysis/60eVCXFCuw1WYswBuNZc4H', 'duration_ms': 243933, 'time_signature': 4}"
Sweet Disposition,The Temper Trap,"{'danceability': 0.531, 'energy': 0.821, 'key': 2, 'loudness': -6.812, 'mode': 1, 'speechiness': 0.0439, 'acousticness': 0.0701, 'instrumentalness': 0.171, 'liveness': 0.124, 'valence': 0.34, 'tempo': 129.139, 'type': 'audio_features', 'id': '5RoIXwyTCdyUjpMMkk4uPd', 'uri': 'spotify:track:5RoIXwyTCdyUjpMMkk4uPd', 'track_href': 'https://api.spotify.com/v1/tracks/5RoIXwyTCdyUjpMMkk4uPd', 'analysis_url': 'https://api.spotify.com/v1/audio-analysis/5RoIXwyTCdyUjpMMkk4uPd', 'duration_ms': 230800, 'time_signature': 4}"
Left Hand Free,alt-J,"{'danceability': 0.697, 'energy': 0.877, 'key': 3, 'loudness': -4.465, 'mode': 1, 'speechiness': 0.0462, 'acousticness': 0.462, 'instrumentalness': 0.00943, 'liveness': 0.083, 'valence': 0.802, 'tempo': 101.99, 'type': 'audio_features', 'id': '4iEOVEULZRvmzYSZY2ViKN', 'uri': 'spotify:track:4iEOVEULZRvmzYSZY2ViKN', 'track_href': 'https://api.spotify.com/v1/tracks/4iEOVEULZRvmzYSZY2ViKN', 'analysis_url': 'https://api.spotify.com/v1/audio-analysis/4iEOVEULZRvmzYSZY2ViKN', 'duration_ms': 173631, 'time_signature': 4}"
Snap Out Of It,Arctic Monkeys,"{'danceability': 0.728, 'energy': 0.638, 'key': 5, 'loudness': -6.455, 'mode': 0, 'speechiness': 0.0336, 'acousticness': 0.249, 'instrumentalness': 0, 'liveness': 0.116, 'valence': 0.872, 'tempo': 130.014, 'type': 'audio_features', 'id': '0NdTUS4UiNYCNn5FgVqKQY', 'uri': 'spotify:track:0NdTUS4UiNYCNn5FgVqKQY', 'track_href': 'https://api.spotify.com/v1/tracks/0NdTUS4UiNYCNn5FgVqKQY', 'analysis_url': 'https://api.spotify.com/v1/audio-analysis/0NdTUS4UiNYCNn5FgVqKQY', 'duration_ms': 193030, 'time_signature': 4}"
There She Goes,The La's,"{'danceability': 0.533, 'energy': 0.761, 'key': 7, 'loudness': -10.632, 'mode': 1, 'speechiness': 0.0298, 'acousticness': 0.013, 'instrumentalness': 0.829, 'liveness': 0.207, 'valence': 0.917, 'tempo': 122.777, 'type': 'audio_features', 'id': '4c6vZqYHFur11FbWATIJ9P', 'uri': 'spotify:track:4c6vZqYHFur11FbWATIJ9P', 'track_href': 'https://api.spotify.com/v1/tracks/4c6vZqYHFur11FbWATIJ9P', 'analysis_url': 'https://api.spotify.com/v1/audio-analysis/4c6vZqYHFur11FbWATIJ9P', 'duration_ms': 162187, 'time_signature': 4}"
Boys Don't Cry - Single Version,The Cure,"{'danceability': 0.465, 'energy': 0.841, 'key': 11, 'loudness': -5.767, 'mode': 0, 'speechiness': 0.0633, 'acousticness': 0.00486, 'instrumentalness': 0, 'liveness': 0.109, 'valence': 0.689, 'tempo': 168.743, 'type': 'audio_features', 'id': '4dneV7C1yDt9UtyxrQY375', 'uri': 'spotify:track:4dneV7C1yDt9UtyxrQY375', 'track_href': 'https://api.spotify.com/v1/tracks/4dneV7C1yDt9UtyxrQY375', 'analysis_url': 'https://api.spotify.com/v1/audio-analysis/4dneV7C1yDt9UtyxrQY375', 'duration_ms': 157533, 'time_signature': 4}"
Little Lion Man,Mumford & Sons,"{'danceability': 0.52, 'energy': 0.496, 'key': 5, 'loudness': -8.121, 'mode': 1, 'speechiness': 0.0271, 'acousticness': 0.0234, 'instrumentalness': 2.05e-05, 'liveness': 0.0905, 'valence': 0.496, 'tempo': 138.81, 'type': 'audio_features', 'id': '4B4vB3oB8csotplfoQcAd6', 'uri': 'spotify:track:4B4vB3oB8csotplfoQcAd6', 'track_href': 'https://api.spotify.com/v1/tracks/4B4vB3oB8csotplfoQcAd6', 'analysis_url': 'https://api.spotify.com/v1/audio-analysis/4B4vB3oB8csotplfoQcAd6', 'duration_ms': 247002, 'time_signature': 4}"
Love Will Tear Us Apart - 2020 Remaster,Joy Division,"{'danceability': 0.527, 'energy': 0.923, 'key': 2, 'loudness': -7.458, 'mode': 1, 'speechiness': 0.0379, 'acousticness': 0.000541, 'instrumentalness': 0.765, 'liveness': 0.127, 'valence': 0.899, 'tempo': 146.924, 'type': 'audio_features', 'id': '34iOH7LY3vme5rQxsVILZ4', 'uri': 'spotify:track:34iOH7LY3vme5rQxsVILZ4', 'track_href': 'https://api.spotify.com/v1/tracks/34iOH7LY3vme5rQxsVILZ4', 'analysis_url': 'https://api.spotify.com/v1/audio-analysis/34iOH7LY3vme5rQxsVILZ4', 'duration_ms': 208453, 'time_signature': 4}"
1901,Phoenix,"{'danceability': 0.59, 'energy': 0.829, 'key': 0, 'loudness': -5.649, 'mode': 1, 'speechiness': 0.0419, 'acousticness': 0.0601, 'instrumentalness': 3.99e-05, 'liveness': 0.19, 'valence': 0.704, 'tempo': 144.099, 'type': 'audio_features', 'id': '1Ug5wxoHthwxctyWTUMGta', 'uri': 'spotify:track:1Ug5wxoHthwxctyWTUMGta', 'track_href': 'https://api.spotify.com/v1/tracks/1Ug5wxoHthwxctyWTUMGta', 'analysis_url': 'https://api.spotify.com/v1/audio-analysis/1Ug5wxoHthwxctyWTUMGta', 'duration_ms': 193107, 'time_signature': 4}"
Breezeblocks,alt-J,"{'danceability': 0.615, 'energy': 0.658, 'key': 5, 'loudness': -7.299, 'mode': 1, 'speechiness': 0.0343, 'acousticness': 0.096, 'instrumentalness': 0.000911, 'liveness': 0.205, 'valence': 0.293, 'tempo': 150.093, 'type': 'audio_features', 'id': '3n69hLUdIsSa1WlRmjMZlW', 'uri': 'spotify:track:3n69hLUdIsSa1WlRmjMZlW', 'track_href': 'https://api.spotify.com/v1/tracks/3n69hLUdIsSa1WlRmjMZlW', 'analysis_url': 'https://api.spotify.com/v1/audio-analysis/3n69hLUdIsSa1WlRmjMZlW', 'duration_ms': 227080, 'time_signature': 4}"
Kathleen,Catfish and the Bottlemen,"{'danceability': 0.489, 'energy': 0.892, 'key': 11, 'loudness': -4.757, 'mode': 0, 'speechiness': 0.0786, 'acousticness': 0.000369, 'instrumentalness': 0.00293, 'liveness': 0.411, 'valence': 0.598, 'tempo': 137.93, 'type': 'audio_features', 'id': '1MHYAqWWdDRePmnqORynrq', 'uri': 'spotify:track:1MHYAqWWdDRePmnqORynrq', 'track_href': 'https://api.spotify.com/v1/tracks/1MHYAqWWdDRePmnqORynrq', 'analysis_url': 'https://api.spotify.com/v1/audio-analysis/1MHYAqWWdDRePmnqORynrq', 'duration_ms': 160886, 'time_signature': 4}"
On Melancholy Hill,Gorillaz,"{'danceability': 0.689, 'energy': 0.739, 'key': 2, 'loudness': -5.81, 'mode': 1, 'speechiness': 0.026, 'acousticness': 1.51e-05, 'instrumentalness': 0.509, 'liveness': 0.064, 'valence': 0.578, 'tempo': 120.423, 'type': 'audio_features', 'id': '0q6LuUqGLUiCPP1cbdwFs3', 'uri': 'spotify:track:0q6LuUqGLUiCPP1cbdwFs3', 'track_href': 'https://api.spotify.com/v1/tracks/0q6LuUqGLUiCPP1cbdwFs3', 'analysis_url': 'https://api.spotify.com/v1/audio-analysis/0q6LuUqGLUiCPP1cbdwFs3', 'duration_ms': 233867, 'time_signature': 4}"
Hypersonic Missiles,Sam Fender,"{'danceability': 0.551, 'energy': 0.814, 'key': 4, 'loudness': -3.683, 'mode': 1, 'speechiness': 0.0425, 'acousticness': 0.00089, 'instrumentalness': 1.16e-06, 'liveness': 0.18, 'valence': 0.469, 'tempo': 130.971, 'type': 'audio_features', 'id': '6CltzquypraYIlWFp48m1O', 'uri': 'spotify:track:6CltzquypraYIlWFp48m1O', 'track_href': 'https://api.spotify.com/v1/tracks/6CltzquypraYIlWFp48m1O', 'analysis_url': 'https://api.spotify.com/v1/audio-analysis/6CltzquypraYIlWFp48m1O', 'duration_ms': 237987, 'time_signature': 4}"
Walking On A Dream,Empire of the Sun,"{'danceability': 0.871, 'energy': 0.701, 'key': 5, 'loudness': -5.594, 'mode': 0, 'speechiness': 0.0458, 'acousticness': 0.257, 'instrumentalness': 7.52e-06, 'liveness': 0.0589, 'valence': 0.716, 'tempo': 126.975, 'type': 'audio_features', 'id': '5r5cp9IpziiIsR6b93vcnQ', 'uri': 'spotify:track:5r5cp9IpziiIsR6b93vcnQ', 'track_href': 'https://api.spotify.com/v1/tracks/5r5cp9IpziiIsR6b93vcnQ', 'analysis_url': 'https://api.spotify.com/v1/audio-analysis/5r5cp9IpziiIsR6b93vcnQ', 'duration_ms': 198440, 'time_signature': 4}"
Always Like This,Bombay Bicycle Club,"{'danceability': 0.659, 'energy': 0.591, 'key': 1, 'loudness': -6.713, 'mode': 1, 'speechiness': 0.0313, 'acousticness': 0.441, 'instrumentalness': 0.000861, 'liveness': 0.0862, 'valence': 0.707, 'tempo': 121.14, 'type': 'audio_features', 'id': '73M2Vb5MfZh8iGKudkMtlw', 'uri': 'spotify:track:73M2Vb5MfZh8iGKudkMtlw', 'track_href': 'https://api.spotify.com/v1/tracks/73M2Vb5MfZh8iGKudkMtlw', 'analysis_url': 'https://api.spotify.com/v1/audio-analysis/73M2Vb5MfZh8iGKudkMtlw', 'duration_ms': 245640, 'time_signature': 4}"
Fell In Love With a Girl,The White Stripes,"{'danceability': 0.356, 'energy': 0.982, 'key': 4, 'loudness': -1.574, 'mode': 0, 'speechiness': 0.112, 'acousticness': 0.713, 'instrumentalness': 0.00145, 'liveness': 0.941, 'valence': 0.299, 'tempo': 95.754, 'type': 'audio_features', 'id': '21Qsj3cMVCx2xF2EVVNbEu', 'uri': 'spotify:track:21Qsj3cMVCx2xF2EVVNbEu', 'track_href': 'https://api.spotify.com/v1/tracks/21Qsj3cMVCx2xF2EVVNbEu', 'analysis_url': 'https://api.spotify.com/v1/audio-analysis/21Qsj3cMVCx2xF2EVVNbEu', 'duration_ms': 110093, 'time_signature': 4}"
Dreaming of You,The Coral,"{'danceability': 0.441, 'energy': 0.684, 'key': 9, 'loudness': -7.495, 'mode': 0, 'speechiness': 0.031, 'acousticness': 0.374, 'instrumentalness': 0.000848, 'liveness': 0.108, 'valence': 0.971, 'tempo': 199.001, 'type': 'audio_features', 'id': '6ebxt3Iylxe0GcEuUGlIvb', 'uri': 'spotify:track:6ebxt3Iylxe0GcEuUGlIvb', 'track_href': 'https://api.spotify.com/v1/tracks/6ebxt3Iylxe0GcEuUGlIvb', 'analysis_url': 'https://api.spotify.com/v1/audio-analysis/6ebxt3Iylxe0GcEuUGlIvb', 'duration_ms': 141000, 'time_signature': 4}"
Don't Look Back into the Sun,The Libertines,"{'danceability': 0.211, 'energy': 0.849, 'key': 0, 'loudness': -3.994, 'mode': 0, 'speechiness': 0.116, 'acousticness': 0.00605, 'instrumentalness': 0.000436, 'liveness': 0.263, 'valence': 0.59, 'tempo': 175.616, 'type': 'audio_features', 'id': '4KspXoCVJXGY1VrvEe1Hdm', 'uri': 'spotify:track:4KspXoCVJXGY1VrvEe1Hdm', 'track_href': 'https://api.spotify.com/v1/tracks/4KspXoCVJXGY1VrvEe1Hdm', 'analysis_url': 'https://api.spotify.com/v1/audio-analysis/4KspXoCVJXGY1VrvEe1Hdm', 'duration_ms': 180267, 'time_signature': 4}"
Fire,Kasabian,"{'danceability': 0.525, 'energy': 0.742, 'key': 10, 'loudness': -5.643, 'mode': 1, 'speechiness': 0.0311, 'acousticness': 0.0874, 'instrumentalness': 0.149, 'liveness': 0.117, 'valence': 0.179, 'tempo': 117.029, 'type': 'audio_features', 'id': '0Ln5tJyLX5qusquBOtq7wf', 'uri': 'spotify:track:0Ln5tJyLX5qusquBOtq7wf', 'track_href': 'https://api.spotify.com/v1/tracks/0Ln5tJyLX5qusquBOtq7wf', 'analysis_url': 'https://api.spotify.com/v1/audio-analysis/0Ln5tJyLX5qusquBOtq7wf', 'duration_ms': 252280, 'time_signature': 4}"
Belter,Gerry Cinnamon,"{'danceability': 0.71, 'energy': 0.664, 'key': 9, 'loudness': -9.683, 'mode': 0, 'speechiness': 0.117, 'acousticness': 0.643, 'instrumentalness': 0, 'liveness': 0.367, 'valence': 0.488, 'tempo': 126.947, 'type': 'audio_features', 'id': '1q8UBHd5QHw0d1dZOc2pzV', 'uri': 'spotify:track:1q8UBHd5QHw0d1dZOc2pzV', 'track_href': 'https://api.spotify.com/v1/tracks/1q8UBHd5QHw0d1dZOc2pzV', 'analysis_url': 'https://api.spotify.com/v1/audio-analysis/1q8UBHd5QHw0d1dZOc2pzV', 'duration_ms': 194000, 'time_signature': 4}"
Young Folks,Peter Bjorn and John,"{'danceability': 0.699, 'energy': 0.812, 'key': 0, 'loudness': -6.005, 'mode': 1, 'speechiness': 0.0377, 'acousticness': 0.0164, 'instrumentalness': 0.000763, 'liveness': 0.105, 'valence': 0.662, 'tempo': 138.185, 'type': 'audio_features', 'id': '4dyx5SzxPPaD8xQIid5Wjj', 'uri': 'spotify:track:4dyx5SzxPPaD8xQIid5Wjj', 'track_href': 'https://api.spotify.com/v1/tracks/4dyx5SzxPPaD8xQIid5Wjj', 'analysis_url': 'https://api.spotify.com/v1/audio-analysis/4dyx5SzxPPaD8xQIid5Wjj', 'duration_ms': 276693, 'time_signature': 4}"
Here It Goes Again,OK Go,"{'danceability': 0.537, 'energy': 0.882, 'key': 0, 'loudness': -2.306, 'mode': 1, 'speechiness': 0.0403, 'acousticness': 0.000342, 'instrumentalness': 9.06e-05, 'liveness': 0.12, 'valence': 0.81, 'tempo': 145.729, 'type': 'audio_features', 'id': '1pHP4JeQV9wDx87D6qH9hD', 'uri': 'spotify:track:1pHP4JeQV9wDx87D6qH9hD', 'track_href': 'https://api.spotify.com/v1/tracks/1pHP4JeQV9wDx87D6qH9hD', 'analysis_url': 'https://api.spotify.com/v1/audio-analysis/1pHP4JeQV9wDx87D6qH9hD', 'duration_ms': 179813, 'time_signature': 4}"
Elephant,Tame Impala,"{'danceability': 0.598, 'energy': 0.553, 'key': 9, 'loudness': -6.742, 'mode': 0, 'speechiness': 0.0397, 'acousticness': 0.562, 'instrumentalness': 0.157, 'liveness': 0.257, 'valence': 0.533, 'tempo': 123.075, 'type': 'audio_features', 'id': '6qZjm61s6u8Ead9sWxCDro', 'uri': 'spotify:track:6qZjm61s6u8Ead9sWxCDro', 'track_href': 'https://api.spotify.com/v1/tracks/6qZjm61s6u8Ead9sWxCDro', 'analysis_url': 'https://api.spotify.com/v1/audio-analysis/6qZjm61s6u8Ead9sWxCDro', 'duration_ms': 211227, 'time_signature': 4}"
Evil,Interpol,"{'danceability': 0.489, 'energy': 0.769, 'key': 5, 'loudness': -3.524, 'mode': 1, 'speechiness': 0.038, 'acousticness': 0.00135, 'instrumentalness': 0.56, 'liveness': 0.0727, 'valence': 0.637, 'tempo': 128.985, 'type': 'audio_features', 'id': '4absiGHMelB8eH976ytjBj', 'uri': 'spotify:track:4absiGHMelB8eH976ytjBj', 'track_href': 'https://api.spotify.com/v1/tracks/4absiGHMelB8eH976ytjBj', 'analysis_url': 'https://api.spotify.com/v1/audio-analysis/4absiGHMelB8eH976ytjBj', 'duration_ms': 215827, 'time_signature': 4}"
